mass,distanceX,distanceY,distanceZ,velocityX,velocityY,velocityZ
1e+33,64631.37344277374,-30070.892870187738,-1550.8982785339058,0.050447775680502904,0.011400872449059735,0.0026503723904936316
1.0557567387198372e+24,302616692979.86163,-209265554627.03168,5546131729.8868,241507.7768907415,349987.85943194595,20131.90857055605
1.0041802015066814e+24,-643440967403.7196,-212274477167.1126,43107844401.83412,97158.49253949357,-298136.9862767457,1009.5492808928932
7.019895812337124e+24,-158485315882.58234,-476714185227.1366,45540086659.78462,344195.5165400504,-116776.99922927587,-8408.509273730093
9.621660591890325e+24,-54257450096.17984,552418460933.4432,13558809604.131351,-345008.97964770463,-33981.83716879778,4987.32952044546
1.70913506107125e+24,511387683258.4282,-907542305964.8351,-20182147436.87127,220184.7591951427,123789.44422410792,19940.85972056408
5.432603632918784e+24,-104742077384.37628,117038022863.01624,11238444092.177782,-486053.8367812309,-429765.6510666596,-53218.8269270494
4.867641569205995e+24,50156823785.698906,-98412838997.89304,-34900159442.72117,680408.2872291189,313670.8569926053,159069.76286359577
2.99309842374569e+24,-328580004816.8865,95556197173.42267,-11190493438.057512,-123138.5284817848,-424087.3809864976,12877.7887572812
1.3508781020713864e+24,-535687534882.0389,444314886428.55426,-7289529585.787591,-197429.3729300722,-237620.84271681323,18053.74595419889
4.525189826951076e+24,630796887658.4155,-42908253515.200294,-23241891262.404366,23591.329689999275,322297.5860894637,23406.297804664395
2.4947201884562274e+24,-164871665931.61087,480174854351.49084,-10102232333.328432,-341051.9874027864,-115863.07572921057,28807.204508632676
2.573316143715899e+24,558927198310.1213,593110841188.73,-39866928081.25256,-207628.72249822743,196652.81768483107,1108.3867468121473
4.049809947602159e+24,1405634747339.2302,1259365560246.588,-23975073697.216385,-125464.9795730687,140059.37360525355,3214.330242346052
9.238401436901545e+24,142762745556.3963,-95708835799.53773,-17319897294.931175,270603.2344391857,460690.5612766293,-319967.6438797027
1.9494416418516844e+24,-38085320854.94969,221632876629.13092,15146702787.387314,-536240.7979599874,-92571.79529942818,-1095.6486983596762
7.112516520059299e+24,129553246817.01825,-934773969181.7123,-47288680856.83869,263071.945070696,36624.82130644043,-26824.93650939256
8.077709941828041e+23,-133378312557.81865,-1385650734754.2598,54975992517.76512,217938.68613516458,-21086.465025981382,12262.787876668628
9.753505488654916e+23,-227002645731.438,-241471320671.4612,5575877283.331211,326673.5715869613,-307259.95605053037,-33446.54401666284
7.257738116015505e+24,142646035597.74792,-162873783025.94196,3526496119.4606504,413313.70309926296,359630.72452916723,-74036.88716855626
7.19748893508801e+24,-242738315700.3508,-48646040137.94998,-33938934801.00856,111762.50713271512,-491514.5553032776,-137268.0900009734
2.0521725207466276e+24,234082115016.19763,-328401859035.79645,-13209134300.187918,329877.481638196,232854.07357231696,41776.3392366078
2.712998960179835e+24,-276618411405.07043,-154521909882.40512,-23532316782.222008,224560.90194329957,-399058.79680353263,-20231.941835661557
8.647236310520813e+24,-450465924501.2138,855965233475.6992,16592510253.345493,-232456.49252394968,-122227.55573153071,-2899.3853554185143
3.1701066980416234e+24,-215861552619.12842,-315388474452.5343,-20314312573.412952,343535.12293392885,-236309.34634625714,28839.042923330097
5.703507170361955e+24,343839093061.0747,823955478139.6565,44534066763.08193,-252101.4803950127,105657.48657481228,6672.515672124922
2.1743784518187208e+24,368235467741.84106,1231649969499.3665,-39538250804.3909,-217796.29486040963,65412.4007032013,19549.58238351524
6.783466295458829e+24,979573684066.3732,-517283760592.2234,-130653325540.20015,116503.82247989444,215198.0209471673,-2233.461759356935
7.493119046901793e+24,627527708543.2822,-208107983556.20834,24941369413.128124,101068.26489880064,298091.6503094131,-32469.774481791876
6.168467301374928e+24,-289345740595.1269,-590012281922.6566,-5684401716.521033,284787.5301701307,-139309.24243812152,-28703.48175830203
3.592082555628477e+24,-202444835567.95065,361137357369.96387,-6890424579.992758,-349979.12042926723,-196484.269216139,-6294.401338271024
8.291438473187724e+24,-249634134000.1071,343527107277.3727,-76849129370.55449,-320448.594218941,-225299.56773201947,35845.702841024264
8.161960767972002e+24,112597144031.4432,313541333323.9694,14545873746.492311,-421299.6702921347,150605.51303503697,-1662.4448038463352
9.012780605072402e+24,-177854018486.49268,101427921362.03181,-20531320582.64455,-239892.93824534898,-466657.8127179619,-215811.1928869658
8.924568554618592e+24,240468837489.7025,307023344151.4694,-22952549162.41386,-326016.5146461347,250734.75027986633,-27430.262461359376
7.719092870246054e+24,-479506828741.5525,307030092216.3818,30799716674.19167,-182649.36069559443,-288120.990654462,23609.55655956792
7.705855388110066e+24,-276447339162.2194,-231327261246.22437,15734974498.951479,274611.9387847848,-322720.1932992714,67610.67521940771
8.699089501086651e+24,-557472928053.0061,-119432442404.10117,-357073082.2253242,71498.4519371358,-333633.00763727253,-19261.366267105106
4.7889192701061175e+24,28130513287.55057,-1090040621545.6813,-80069274098.15305,247237.95849746536,5655.127835014091,-11490.660911383357
7.220161687155974e+24,441825399028.6119,520192179696.13074,17692163236.17454,-238320.93448918813,202357.70608043976,7626.167477198762
5.385108686245952e+24,194036475992.22836,-22166932059.807865,-11968822477.739145,66350.6570844345,580187.7500350416,74043.85012105836
4.337665560757509e+22,1158843703112.1013,187342201364.16632,41814507055.5819,-37944.06619965984,235395.37875483237,9885.497088822101
5.426557740992419e+24,-403911377290.6088,867517330299.0356,-24479109305.48861,-239447.86266433055,-111332.16266749399,-1173.806496907882
4.448346778310622e+24,747205140125.9413,850593055457.403,-42067501726.97214,-182225.80141164004,160371.2582154043,-2470.1334998183042
4.947049580666884e+24,63550296286.7999,1004390882851.6909,29157306397.239025,-256948.4975681627,16248.605444036046,13922.061130848437
6.08234549435218e+23,265359847956.14883,-24532306589.066643,41690145531.48268,66999.56363018724,469696.5500850928,-148859.34750910307
8.573510578837209e+24,681983259483.8976,-175236083549.54123,-50218244166.12859,80663.53076183418,288298.8369680335,55058.22885959075
4.6481626214834585e+24,1307846802975.8435,-275706715477.11664,-96030900.27650309,46083.983889714145,218604.6632581752,10429.460042581342
4.3323967049409697e+24,25337944324.519093,246795199816.0787,18102030973.229504,-501125.9902556895,40991.38054977065,108724.41871278592
4.203969206129769e+23,189989881735.14798,54041575382.61057,-957204774.7250242,-158289.59858390197,557050.8596720063,77553.92630254164
4.2887371272922183e+24,-209923321604.86084,-621814410874.2202,40908560863.21578,301784.61767205124,-101372.11937393715,19308.543866450636
5.08148412066901e+24,338732828281.42346,-19175208070.67594,-14256844629.41288,24226.54785935817,442532.04536333977,-6522.858114150148
6.097451949072772e+24,-396001757219.17706,177152237287.36548,-9725495094.869926,-155738.62624544732,-353401.39025796385,-48622.097097056416
6.334608055107301e+24,1394441112506.2815,-306801563626.1602,-31285289957.5154,46416.71361649372,211083.09492104867,-21413.0206036071
3.176831105507895e+24,87040009252.76758,160893175073.72873,-12652997745.688812,-528957.8004599585,288415.456570422,35194.03983245136
6.196267001269885e+24,-259752372637.5557,434498105588.5508,14806606820.557674,-311590.29907546705,-186282.02449286298,1568.2850901010847
5.841608083126316e+24,457759684447.7046,-887864002685.0115,31876710216.359432,229794.1518176406,118220.35212645792,73.38153079228331
1.5246386845850108e+24,-1102526376282.6445,-243718510428.86365,113059824206.9796,50511.04053259172,-237165.378118508,-889.0284514531436
8.329843611162947e+24,845622980201.0226,-537615120584.4961,-18787068615.983253,138267.90575637826,217664.42575245837,-19187.293680782597
1.774428269262774e+24,28309379242.81034,433627617393.29456,-13336252249.620533,-390557.6505249886,26150.76267351405,14084.394265454253
4.883957115902771e+24,-630999133063.729,419577262586.8279,-48957957652.20002,-164822.45628354236,-246617.40086540885,-8419.701189759246
3.3315498892677314e+24,-326872887025.8887,488420981711.2411,-13005420863.849993,-278147.0572296771,-187227.18890334218,-27600.3403785803
3.9002756150132367e+24,492210622378.3561,200248232551.5695,12939346492.327587,-133342.5046917383,328279.1807403839,-2190.467465445834
3.9072311383775115e+24,-266443668873.84576,-238687292145.46085,33175010122.326664,286475.4011398957,-321239.7886303571,-49596.04211293553
4.5885711053356295e+24,-101878061924.72502,-1120014037282.2842,-18836021814.847572,242337.115335582,-22181.032900980543,14480.180150497157
4.018731892804729e+24,7641641082.731316,141251526755.85977,-71032382450.34387,-625820.9962274128,100587.43171408451,149699.9511677543
7.057336814735151e+24,124328709409.25252,364761139501.931,-17428223816.910805,-393413.02294761525,134496.57287422894,18359.526003932508
4.326248159861259e+23,771613875038.108,-228720458521.4878,33490894216.4521,82185.4948202976,275923.96611375856,3154.2342812384404
8.991118599038598e+24,513404026145.6931,-815456790806.5513,23766358184.456116,221891.43752013636,139058.89622047474,-30345.989295879175
6.130397478484667e+24,-268259096378.8676,386148374263.3942,-3926529520.9413414,-308759.99248291325,-214811.00387824673,-15269.81455195292
2.515628244311543e+24,307226048828.56165,712925569955.46,-34990974209.53744,-268961.0836333084,116477.12462568448,-1633.4184230375008
8.345354441207833e+24,-56281777200.631065,182237338444.082,-50362884298.329315,-535311.7131003062,-198242.22115808274,-104756.32426987315
7.181306046336655e+24,728897675038.8892,31195763403.145935,-83016873250.34407,-6124.264164714201,299316.12077079626,21617.410753634416
6.077041019792192e+23,-859569731.4286039,71938123598.3558,-1910821296.2552166,-960105.4104983922,-8997.976007259169,53715.298228019106
6.068254686407959e+24,437101739551.6546,-296615654525.55365,-22152058172.103916,199947.03948900528,293607.46095838567,3914.79324833047
4.5984438196586273e+24,-109001806895.77002,306363537659.66974,-34217086476.991615,-421068.5226978459,-155263.79404108893,-55713.00869807786
3.13373485336863e+24,-166487602460.83582,-19570062324.876976,-22885080682.24173,86055.00669238616,-614041.1716814348,-99276.66472864785
2.1843268402999577e+24,383328935379.4445,722969982624.2946,54933817225.79351,-251716.08508500594,134534.25799129467,5782.349468648828
1.311402592239085e+24,619457500008.3492,238302887878.79044,-68758496649.92651,-109695.91442344192,296272.5223292657,5552.700477904052
4.394031282622306e+24,96128750594.43797,173129687801.04477,-15688873855.389202,-507564.990402152,277771.9235878406,-27036.91873569231
2.55051769014967e+24,-101991527508.3206,241671976488.24942,4738951593.405744,-459110.20730239386,-192221.10096761817,-85271.37657810019
7.335791552234755e+24,-17817860509.48391,152160494110.6589,53922904001.17823,-637067.8806547285,-69824.7909879093,-15021.49427903964
1.1970896180047496e+24,-85481139959.06923,523918646227.81573,-52301220017.1685,-347869.1496054651,-59360.12698535548,-22497.542699053232
3.6019978687145445e+24,502940987695.7022,1169361842919.318,140950780424.2948,-208945.71535563303,91885.0661119211,-765.4317284051054
8.023448943094366e+24,449268867167.654,720795333643.8926,-1817812997.876818,-237830.65493572215,148223.98405323207,-8378.595796041938
9.784299293254133e+24,57037240532.95211,583560145414.7291,-10534116266.256088,-329006.3691963249,33776.564519501124,49338.054653277446
9.8370998558085e+24,613951434575.2423,646545729848.9861,-79293582575.84656,-197207.6072137821,189290.80572504984,-9614.610812651355
3.347672349619098e+24,-741540425306.5743,774879922679.717,28332597371.362953,-180288.69789730097,-172383.7397586661,3041.939900193636
4.085922110223322e+24,662612580011.6588,-104705767398.65523,19061133380.488266,50125.748288989686,309696.83524586057,-24880.066105535057
7.247170628845193e+24,17405207372.088963,309054557301.25433,32110659818.587006,-459802.8354329449,22558.996011762305,79108.6726174976
3.986955150453224e+24,-922211140317.5698,121924399086.35104,63342806090.66062,-36424.59311011567,-264798.69749487477,-6676.780110917074
1.1903601841390006e+24,-850546763870.0146,-54938406519.14592,24352166246.78654,16468.1850622372,-275111.19765084906,-50976.18682148339
2.822754026920938e+24,198538193883.20502,943671520777.2426,59503882156.11621,-257299.36354032808,54446.15067307852,17487.810800835992
4.70958856068446e+24,25929501358.73215,-50120367507.90922,-10270211508.095716,954845.6468824627,501339.274113745,-18253.120003225835
2.3955690812246998e+24,296610368666.97614,547406971016.1113,84414472764.64554,-286407.03810383385,155893.25962285837,22612.734596737737
1.0975265335381168e+24,-351146213823.38477,18242601774.03754,-20161162997.76312,-18400.426192912775,-430191.861841371,-59625.662293910216
2.1024648970532376e+24,111697929114.99297,-286407606288.19495,-40016639909.254486,431742.92709655844,170929.71585444757,17887.554603434244
5.106415598028235e+24,-62538023681.298386,-659923132198.0922,3710629067.587802,315891.38586035627,-29930.622178396028,1894.803829637721
5.306073117770096e+24,303057857569.4851,-453683509648.58057,15373793134.676643,290725.3045762412,194292.64372645467,4369.547921400485
5.359747533145847e+24,-523619868015.0524,-211213850340.185,-21604456850.942253,128260.32255235992,-318860.6825129492,95.44929636477865
2.360595232852278e+24,1016301338698.781,389853245721.9112,60688931025.258545,-88065.15782277452,231237.90654959728,519.6985467946128
7.09779203817655e+24,-538816475194.3183,341178661478.181,-51674490120.046295,-174544.7409937802,-271648.20641258155,2013.9196858541275
5.911711370026799e+24,734750526876.454,-269176819719.02603,-19504207990.298866,100755.18850130582,273388.07078106335,16596.48578678682
8.668325168759781e+24,-794090501184.293,350835397257.7081,13171557617.752405,-111244.28257106878,-252562.815843447,34617.54849286495
1.2884421792110655e+24,76665477281.92615,354007924279.2693,12775320088.63671,-419535.7404399001,90505.91460097716,-5504.157052823248
1.1146097997774797e+24,1213057903138.0347,-246409532297.3026,23676561380.82943,46218.95613125398,227536.65778200526,11397.239762058935
7.942856572530085e+24,453830350744.41705,231683523111.2495,55692354893.60428,-167156.93849720736,318232.30492460704,26024.146758567753
6.765904861660606e+24,230737157301.66977,-523584309613.2624,-50452884414.839554,311240.86697774305,138255.2379109079,-18696.971830104696
8.353052968538612e+24,-360259104024.8523,-703676399039.7853,96989260502.07999,251744.66324730066,-137190.2968540653,-26597.395154877235
3.735062352102833e+24,270212991875.12073,250045198460.60263,8359198145.690329,-285265.5208975581,310228.83633815317,-62013.65423701895
5.19483859751328e+24,-875840815789.5273,-354143663988.8719,15374711654.75305,99567.70902576111,-246420.70094517712,-365.07254306657615
8.654236071468994e+24,-230038205944.98895,-583927657693.6503,16535804955.637772,302374.1881191411,-118178.15541295729,27411.397840916412
4.836565733898404e+24,8933526678.282856,-262607929678.8995,-8223795778.909527,497984.74689028127,14544.316887603363,74303.89432984593
3.1946142493720855e+24,357269909296.7012,596505083898.0641,-19511747450.875443,-265649.9719818217,159342.9031191567,-1088.4725243916423
9.606344967923085e+24,-690552088865.5181,-384818258434.3474,-13639232574.797636,141268.74776130507,-253814.33248327355,4168.075917489105
6.392287956374979e+24,-121199776869.22076,9715387643.564144,3029415916.1226244,-58940.68053795081,-738505.1722623459,-12120.588260359053
3.955268884641333e+24,454022341175.3289,-901191737801.0985,25104969695.625313,229701.36584329823,115649.83013029372,5746.6338032250005
5.0022377779591866e+23,201773711068.8248,208213084036.90732,-20461002128.37677,-343466.5262043282,333920.6628666359,13975.123797121478
9.710860912018228e+24,-776768184169.0857,-205639398137.30954,-17715512834.915577,73906.54667132703,-277773.4017287993,-26076.665139830835
2.6038331796052107e+24,-347393578626.5276,-427305637751.9853,-56084782931.25788,270126.54620967346,-211112.04155277557,-46899.08276654023
6.967210957275372e+24,-875495199614.328,819237405446.2961,3329726180.413814,-161197.179289149,-172260.618121458,-3910.784763257564
1.4306830627072568e+24,-503999720245.26715,-234291770931.43576,36818212963.56181,146019.956052828,-313823.04813234636,8780.297042251981
9.68583822196877e+24,610631426844.4624,-126225523966.29695,12896344923.651388,64014.798166167355,316210.84784627566,45828.67594463939
5.936580445317938e+24,-1025729565764.0302,-162783318355.2283,-26386567801.613297,39161.93805025839,-249516.2368186422,26623.927696183287
5.464304413306025e+24,-131624189443.14062,-377494236534.1354,7749750631.98427,385647.30589049275,-133995.8881308229,10386.580950457706
8.50189192879599e+24,561053344552.3275,931757380528.7661,-82796441131.01039,-210714.9558668276,128623.59916539745,12404.79649813959
2.731756066700072e+24,-984345510422.8641,-1066708103616.8075,-41417379552.9975,157467.72372268097,-145458.09702581193,2553.5998513303443
5.083554346433833e+23,-144105826074.41663,-258331185119.64194,36821879780.4125,413170.0214058048,-230580.87892464234,-36161.34218770716
7.290527442543447e+24,-284187403588.541,1049933738542.4462,-14955034659.05593,-238726.8196834265,-64716.93746999094,-25136.579969633585
1.050186100622939e+23,272447277444.36337,622849219601.3333,-38086523514.01525,-286660.34125174745,126088.1746860756,-4356.702768077372
5.299943189989761e+24,-428550004417.60767,-260517716014.801,-5751978391.968597,185475.71356624106,-307176.5189669841,46034.261974817
8.821930834855193e+24,257060482036.8103,842462243920.6108,-18008065468.224277,-263266.211759526,80355.65634288735,-6016.7471818381355
7.700787086303907e+24,-733588040465.1261,389726131037.4451,112032810473.42896,-137672.06050718337,-244746.6039329855,-15406.684196860859
1.2603828088906416e+24,-149034287178.9213,-344893010284.7958,37083157686.537674,387060.26870817365,-165142.221747527,-15513.367332558335
8.489822156080383e+24,-176144550598.62512,-939179114602.8218,34876745689.647934,259507.24225017743,-48507.120666658906,23625.231453106
2.567143909451881e+24,790600568608.9119,-473125497796.19727,-104842452916.57889,140001.2100810138,229421.660508445,-12691.984470612862
1.227683312491016e+24,1031850781750.4359,170509809024.16672,-15526114770.113161,-41158.17220156891,249242.1285030033,-2769.319475799199
2.8414610674849435e+24,-652123687974.247,45460566817.54828,-4142692944.4518557,-22293.49735189083,-318571.38900065527,8387.327636141561
8.93843140562294e+24,-226313959182.49744,246695140938.65292,14959354328.944698,-326475.1969568726,-301669.23864740465,44114.967741429056
2.113457826524775e+23,-915862885648.839,34396611194.05224,11332332668.233505,-10057.599777345034,-269529.9288728181,13450.314975814586
4.1995566108652603e+24,342103602562.19525,1661233867850.3918,-53864313508.508675,-194119.53695022836,40103.21148264396,10293.349581564076
3.215621191058689e+24,-902301225345.4033,361054620792.61035,66267642301.36129,-97740.98462307423,-243058.4758617107,17389.958332785274
2.1730531540543107e+24,-318679429042.3369,32503383989.88084,39171324210.730095,-40360.22882325993,-450310.43724895257,53113.36815857192
3.017303190419882e+24,1061205470477.5927,99044038852.93733,-92466636910.55783,-20700.956789724685,247523.65243917337,25062.73271227542
3.888785250329716e+24,325262470964.9219,-134806101389.45581,-24200514788.09197,167026.05430709553,400769.85272367665,48279.06612674479
4.839821849460777e+24,-306934591070.9547,-630513682469.627,-21369775786.428463,277210.90106887335,-134596.43911826547,-16500.501159391464
4.047811443142616e+24,-977328902083.7399,-635064290310.2445,-5572162798.956168,130385.35262884884,-200650.44435948523,-4170.6891117141795
2.7885596145522136e+24,-312661247041.0959,414677329280.89777,12893860182.272003,-286319.1175575396,-215487.59760559295,-4862.627411957185
4.958872599569155e+24,-111074620504.6433,-373140940223.1306,-9784135307.919561,393827.756911194,-118589.40444557606,42793.198976887674
9.295776574936056e+24,-67906911222.63221,227560765416.03885,-10164770861.997034,-507191.46203038556,-152292.39286711504,-16963.347561873677
7.923603883453513e+24,528476159208.6018,-241039427334.81064,26196447346.191383,139324.16966726875,308042.50746124744,20575.73929589052
5.246579942053652e+24,560004720309.848,-67797011449.11338,-45785501025.29709,39143.84212843649,340265.2136552958,-24656.8684585807
9.385242283614587e+24,248423680582.5636,-15253824099.071474,19635648181.452934,22564.065855078377,506054.32257909304,99631.8534971369
7.938820225532653e+24,-277162161098.15424,679267575425.3756,71999428704.43874,-279138.20762729814,-108869.72755209083,-16233.96595072035
4.4789196444129756e+24,-102746812240.05544,-718854600313.6451,-20316451396.50899,299111.79018152907,-43553.25767152005,18039.465532477887
6.505791563339599e+24,-1279416647491.2317,577425855749.574,58389213670.33489,-89806.65383885396,-198693.2846933163,12678.247122208717
2.539421859651642e+24,-317439330666.55566,970032910582.2106,77125533958.54298,-242982.82017148938,-78081.99428148643,-3842.5067389433025
5.907808034184329e+24,-267714938575.74606,-327812046735.8292,36634739245.06356,301381.9636631538,-252589.30026492185,-42833.041666665464
1.3846170876338405e+24,497122449358.24664,-157307037810.8275,-3715580731.70049,107011.95995331109,339383.03182346426,-26810.438343062837
4.2252487607582227e+24,16088444205.688578,-57427093761.73472,-30326517569.35727,958443.3860714935,134114.00766535877,237122.89674908537
5.949061329871038e+24,-331521679530.94025,265103476167.69946,1401039893.2651591,-247095.50345616453,-308801.3890615681,-21379.809679811544
1.839700678452574e+24,1058963175861.4739,228497294630.40793,-34711244864.84977,-52311.022519827005,242601.90097834615,-13270.741734543692
9.418492085001727e+24,-79536881151.90717,172210836671.3846,-38684105954.91376,-525735.1435654039,-255287.62537454593,-57404.48930370931
2.3743025444103474e+24,105292103567.51707,-199290285778.71085,46142319534.03389,479988.7856212478,241682.94376076397,-25185.154721152
4.681189818991587e+23,-4064690119.9049335,430325191669.67596,-8798760451.109169,-392616.6417902184,-2911.658331259162,23150.701214301003
2.6870725712504007e+24,-890857799701.3197,1045397255551.2109,31115041021.169643,-167805.55798371852,-142944.15361989572,5680.653305020203
1.5972333147589733e+24,97867768147.07051,779750184419.9874,62300815772.464066,-288754.45390201366,37516.64549035061,7725.6388746756775
8.817998727668632e+24,-609662528714.2129,453748965075.55664,100398437062.80672,-181367.887210955,-228750.2976396398,-27315.53192675266
9.832708699041702e+24,642726915177.7327,333631926858.30414,44015170026.98341,-140119.00720486746,268433.9308294414,26962.52960228938
1.979038240559386e+24,-59304810133.77858,-891577220922.601,69891175811.46194,271839.2039584687,-20014.82868451655,-6886.675004938983
1.455893536444393e+24,56604248804.47946,-214275487170.55573,72730117383.6328,509453.8572103152,154100.20500711544,49469.04016264249
2.758536734085101e+24,-289515525189.5906,219962038194.208,-34795108003.690834,-258416.41598345517,-340687.09925154067,33700.10198790391
8.073416337987814e+24,641547731721.3629,-409847397352.0785,-1364853381.8748562,158106.83820664498,247362.2187217581,38567.13298744905
7.27414746624633e+24,-198893300449.77768,572758598234.3225,11457116934.547173,-312753.60162206227,-109032.70680875174,16762.564664112215
4.964866999292585e+24,-447086372987.3962,-806703567584.2845,-44287158819.6855,234590.52049964992,-130900.17885011352,7064.159024378169
2.9462483039296087e+24,-161204615883.34317,215312948036.24197,14638450710.413015,-399253.00749994494,-297238.34954695427,-774.5373081007255
5.232598856227806e+24,464369984553.229,-16565424067.582544,48225948722.84698,10991.22072297905,377501.00715955143,10127.96185951503
6.463126279170416e+24,-430579727325.5442,-23276273535.020134,15498647493.487103,20560.76407883197,-392449.4495407796,-13347.493865784454
3.749696117773551e+24,100646094447.15135,-151948354462.32574,-25472205465.617413,503268.7839831412,331863.80373708246,-83431.8261417098
4.5986595228476346e+24,437373162256.61255,804623267734.2354,-51798016379.44767,-235351.8864143072,129665.31471254735,20757.191791341364
1.2331737669241696e+23,-98494644102.75693,-92009057067.79921,-57211767696.831184,484392.60693243577,-467407.3089621407,-33066.93330301523
8.713995606294458e+24,-316318562918.8476,-343235202656.31195,-45070082942.81137,275666.33036317176,-257001.60548454252,12810.72265453909
1.374024632335004e+24,931208884532.795,225851430025.06384,-36026339643.76458,-61609.800451785144,256270.16186742214,9570.99881665143
4.164796965043908e+24,618856713662.3156,493491098734.4193,-52231128818.49161,-179348.739185889,227590.69415055853,6923.254404432744
5.947143696380713e+24,252093888089.08716,156346448387.4928,37811261383.74185,-249113.06861133187,401352.35102680314,37596.86956233716
7.614888827160924e+24,1053442147357.514,482627873737.6815,-35343226962.896324,-99726.71985937849,218171.04419663476,4283.9351452853325
1.168743638144197e+24,78117539910.31296,-923166072112.2544,57208149151.404594,264586.5062074058,20011.024374884324,-39011.55421987401
6.525689765189052e+24,432523326135.1801,-57980369338.07599,58034735684.61923,57830.47514844932,382747.38803792384,-36371.8129408161
9.605529408667958e+24,440049229553.95044,-504506917246.294,-65774159119.97035,236173.6314121681,207531.12877930628,-31719.84477855203
7.058804235478307e+24,276263438430.998,-201691054416.723,-7439614637.778978,256742.03321592987,353694.2475953427,-74007.45177649058
1.8147708199764095e+24,-666445978746.8185,448882381624.51447,-39016276154.96064,-161097.5197144389,-238864.0739622607,-11842.48702915799
6.334566788866866e+24,-114877629408.10178,33983520054.000713,-53221690457.42086,-188825.65397829408,-685974.8135900571,-94732.40669103185
9.204947512386885e+24,556645559136.1532,172401808842.75385,-23118305016.51749,-98530.94168383713,322824.0714236315,14887.187759559187
6.409422877273186e+24,-273697504193.9314,362279135268.9492,-31540630698.56868,-301372.1584489814,-232863.54798526998,-26733.314432443847
9.650864995842729e+24,-481492045494.5408,-14579748011.354431,-2233801926.580861,11343.061414456923,-371822.30354804103,-9277.866214014848
9.15670107556744e+24,178956629354.9775,132614391005.53781,-10356258694.374588,-318803.544758842,437943.47553726507,59458.495327611505
8.617155847388098e+24,-49820090591.18969,-1118524487986.5334,51225106244.39595,243653.5223225282,-11328.054883204546,-5184.630466548581
9.462775484957722e+24,415530361846.92413,837312253370.9312,-73255599594.7512,-238149.11894841873,120012.49816234045,3143.391657792973
7.069006558622236e+24,-958002932264.5792,-1320145825693.6155,10055603970.155128,163708.62597042904,-118795.88005328365,9204.432834319066
4.981477610603713e+24,-347073527803.7402,-12142045957.29824,-19661704774.521435,16317.50330954781,-437908.1670457234,8676.10015570769
2.322340706912468e+24,-53685916300.62203,-139294826428.95047,5847230432.532721,611459.9369259927,-230304.5771648387,155546.3841005935
7.246875004639786e+23,389749257576.68274,86367404545.55525,4938194628.517435,-87947.16631072877,398536.6865460237,-21085.746212673923
3.6384568508932223e+24,-292607563860.8048,396444649392.1573,-12317743353.661257,-296171.7362017889,-218038.98675658676,8413.948768595183
1.4577521592428738e+24,1174540856336.1113,20195581087.28321,-124627100809.09879,-2799.132747058776,238178.80855533775,-19451.042210290452
4.76784222339849e+24,-311785720137.22894,-233183217253.49484,-7652560708.13024,248093.28750819352,-330772.7334129443,-14979.635176557433
6.689683370539501e+24,-461170459328.692,-90717516147.59592,-928419135.8918175,72707.729907685,-369364.3243026654,-11974.223026616988
5.36247112269339e+24,398311764678.6178,-196522201668.05414,-13490907217.906643,171525.99058104836,341832.77012777433,46381.57250135147
6.835288465015001e+24,-550244032135.76,-694757696068.1193,4160392862.1032524,214836.8679922847,-170078.8149439789,19262.471601397603
5.961324927607202e+24,-652244095415.2573,-142770344651.0078,-12692300877.897314,67631.72742225441,-308801.70341493667,-5777.466063743885
4.691539159971176e+24,113077844990.1674,252373948893.69897,13287626559.342625,-445774.4503154564,201385.97175961657,-57189.04566129084
2.997817032086983e+24,40664138196.08433,-518024661404.5791,29853301384.53599,356914.9369149482,28359.06943228851,7128.71590763962
4.529923551938483e+23,-619691295265.1654,-329801561793.9794,4055036469.311046,144316.56605103667,-271490.4314585062,-20625.171842916778
8.730728022522767e+24,-227720554818.88626,-455151018178.2891,-18156139105.023712,323659.46562198637,-160846.98095626396,-15820.51534102126
5.543875428741944e+24,-290375568912.7908,673547492365.9327,-3529095991.909155,-276727.4925206173,-119369.17491937976,-13184.933134560333
1.8946506406196466e+24,475396666796.0591,1325578745679.3804,27159199578.899723,-204890.74360343852,73528.46335402605,461.27488913218497
9.739421325617735e+24,-967346534288.389,-582267238258.52,51658042343.001305,124909.89633095484,-208368.34797975962,-3319.7856440017576
4.2783601543642e+24,-254030975107.21042,-712541546158.5951,39800054572.67787,278848.0799089981,-100753.90586521401,-8328.930974886664
7.729111781912604e+24,233051092053.76715,633882259362.9575,-73331080302.74974,-294042.4245046352,109436.90338910422,-16507.301151530108
4.849323410301232e+24,-373254921907.01013,-139250597162.63516,13331144739.609728,143391.48951397772,-383244.8152076185,216.6821667094512
7.397990386472495e+24,196089076432.91943,-341799187724.52313,30198934879.210823,356110.993021097,205374.45349188318,-9318.03981097557
3.624014651217006e+23,1239508289376.2283,-587352199353.1893,30423110317.235138,94508.48667460226,199260.23009556683,-3161.7439163531294
3.242494899866049e+24,-551293227585.9004,-15039950902.660036,-3474446778.70285,9538.084867840753,-347686.66873651295,-5171.429957707394
6.352720007203989e+23,-25905171821.784706,227733435418.49924,56559075397.90311,-527580.5645238571,-62975.25168336656,34125.50828954477
6.213517088667744e+24,8484310971.90814,197090918392.13443,41309701193.34823,-500768.3885559057,-37192.77416790639,281833.24083346175
4.790489985475067e+24,-392278979199.7527,129336190138.9154,-49832429152.88938,-133074.21280789876,-369261.42336025456,71316.16731704943
5.303739340965957e+24,180340032388.29205,-179086817248.18784,9759407217.899693,361600.6386837865,362205.5498747526,-13173.626952815483
5.159617723206004e+24,-204206030330.7438,223375657302.14386,-17068851499.87524,-346052.39370021946,-316667.71698183427,-36277.31541585418
8.359307965243263e+24,-131120171321.49197,-106964337477.39359,2673720120.4407177,396460.6803111987,-486684.9429119413,-11923.467605852371
8.609237228865186e+24,605355306115.7799,-236976684172.2528,31952115744.961197,113361.20184907646,295954.70943341474,44496.924245246526
9.87136924344793e+24,-264472776754.47968,542798142473.361,18903633446.5456,-298913.94184351154,-145397.32504047215,838.297234932112
2.531810982029172e+24,248866715235.443,232027575518.80743,-11772931019.702002,-302175.5958005497,323751.4964362856,12314.369673705532
6.923731380786811e+24,812300617347.7484,-59707606822.58387,25886320020.803326,21429.84969513245,285210.59665754833,-6748.272572107975
4.784929705858297e+24,503951455176.51526,-703018906097.9333,-42428737167.34561,225924.30508397214,160761.9468860508,9228.813718940228
3.0035125951931996e+23,-228348446373.10175,-741879630194.6812,-2127179787.9005003,280232.7245229998,-86244.27079730813,-4449.5190059770175
4.2772090327659885e+24,-390664198688.7676,-434037403617.2409,70819385440.54668,251416.7588235392,-222457.73534309593,32559.578069298586
9.687500436681258e+24,-408130003965.9878,912462809637.4161,-23375138416.18642,-235824.9628506643,-105262.03038903493,6935.223690149627
6.318092533662169e+24,1027848313102.6987,-225537177693.4861,87730451792.70644,55485.52586438168,244866.48906308823,-8177.739053692468
7.437740350281711e+24,214724389448.32867,38585265650.02695,-6927766670.512146,-98135.25110750835,544194.2911465121,440.3063952421767
9.376865096633528e+24,224452670234.13446,676271274427.8823,-8534053503.58662,-289634.73254033225,95822.05089209529,-24348.991545010886
2.4991163856780664e+24,390517792220.61664,-908973226537.6561,62497092991.61082,238794.67337778598,101995.50999000756,11042.531122571898
1.148998871859988e+24,-534568495899.05914,461514917551.4123,47549590273.442726,-201950.1414800769,-229209.18984181902,-21264.750754133176
5.764623310407048e+24,323226029665.1544,-198018341323.461,19344803168.042618,218268.55111557388,347854.56977449846,-83499.44692695758
5.854840693457203e+24,1046471471756.3,797539579005.4517,53785479350.265114,-136355.53470238709,179215.86213042669,6023.267528725386
8.481346776635522e+24,-604408048244.0592,-912777048176.5072,63733497699.78047,204834.89533853548,-136755.34601996673,-12714.591848939626
4.553067182531209e+24,-257351322285.28183,-938930091000.144,-57242469868.63154,251946.06247956463,-70004.84212773862,3860.9948687790456
8.923281204694658e+23,-403759474921.17865,224528857861.52966,-32824152064.828117,-183102.64118970867,-332271.2589714955,-8483.969951143325
7.401272411349733e+24,-704213615134.1501,74230344002.14418,9501387204.029005,-32167.137361069468,-305298.35681256454,4347.8446453560655
2.714697783084803e+24,-153502579347.04193,18755212470.6994,-866158013.401634,-54185.67827819073,-465113.8888051621,-455921.06989217247
4.6140935522149064e+24,78046598621.5766,-447050633978.7499,51757353208.1124,375380.0634465961,69359.0581835649,12226.593740699416
5.30633664404913e+24,987103695452.9237,-338155573947.63745,80515757680.96523,83057.22835491762,238418.52367257694,-2023.9562785496234
6.538045334192755e+24,-785690174001.3973,-602201448568.748,754658886.1413491,157913.01862689725,-206033.71263097724,-8274.722143726109
1.9307077777489597e+24,1218292210745.93,309017331339.4915,-27957950085.45218,-56601.25547861482,223371.5736173772,-3713.1538912243623
8.299378923663199e+24,-671053566711.6582,-35912529598.34947,7659543494.636937,17151.430769597326,-313036.02662512695,29401.425088048836
6.534779110634647e+24,319294598037.4743,531048136734.44196,-20108657734.060062,-280671.18544901366,169513.52677903246,7173.940408263948
7.90304976894068e+23,424711413166.2677,412932038928.18365,7749556293.550018,-233322.54885208583,240486.53807031212,-14401.744683456573
4.510924094658756e+24,1051895178613.8396,-217335758775.882,-37792003815.8566,50678.55236931069,243968.9379801838,1354.2771644871966
5.661896092760821e+24,159512336924.97067,1124378273832.5264,1966758643.1134129,-239882.98571089486,34039.92851759867,-13718.146541364944
5.730205311056826e+24,-668017617099.1393,99877982200.2488,-13387854405.683477,-46279.2322808797,-310724.4615782683,-11575.721491352984
1.6581181003874772e+24,692680528358.3011,517400363799.06647,4405208956.276858,-166030.03104598666,222377.84092234235,-14815.098921309793
4.944681486359139e+24,371757735611.82245,111942956776.66019,2904950161.2909646,-119385.95830377245,395286.98954454495,30501.369508178224
8.668807702978461e+24,-501490834310.9531,502705287427.63916,50803808682.87962,-217876.5623090578,-215124.36672583158,-282.9836553825656
9.757002221508412e+24,340730473263.61896,310135297191.03796,-15023009260.47914,-254157.78386329085,281361.97704970505,23243.03527635987
4.158185059429553e+24,222600719530.78793,112110232061.13611,28790632085.27894,-231576.27430968126,407346.09062099806,227407.8611765063
7.767824450760632e+24,474764784926.37244,-878581263882.0718,-69348233007.61597,227653.168812885,122334.01528643443,-13737.175362071075
7.875457323891287e+24,-556272450604.2163,-248711298874.7773,-98529459165.71597,135726.0587303715,-298765.05340787105,-36842.562940496675
3.7478652003156006e+23,314515667176.5896,-826567525600.2334,11812696775.058191,256417.05653127682,97363.13351698681,-16142.272130088284
6.679065648712718e+24,-335985945736.86163,-657093397408.8077,-37412439045.94239,267517.2110061281,-136359.15260471462,-21502.374475915076
3.8905659736731193e+24,-252372704223.7391,130518007122.5741,-36514300513.692474,-224726.05012464622,-426070.3292833399,31513.804200486666
1.5849066721176104e+24,-349639078406.36816,-741810005875.0957,-5653543875.903147,257960.5580989478,-121533.42019730202,-10494.720861423408
7.492783780253587e+24,-829813282447.7587,-69634412364.863,-23964271446.586838,22866.908815174625,-281152.8569166995,21730.42678962287
8.871624075598193e+24,173278380785.27698,360199337400.43,40958292238.36159,-365668.6629922262,178185.53667642447,-32211.007805349196
6.73654357839305e+24,270907479562.7082,364861955984.1004,-17840787748.858986,-306888.14538545656,224577.9884410079,-31881.003617030176
3.162097871008196e+24,-1249481292978.0386,-574000735631.7642,53350919205.39743,91854.75025246032,-200242.11765108237,9810.060213340936
5.112911474266572e+24,-270031025723.6383,-355964947141.6341,-12190205131.264622,308005.14376762457,-232856.4106400465,-10160.561878140812
3.026683406283821e+23,298262075663.4138,52657671617.32666,-23587325975.229717,-81804.72385830958,461490.60361905105,-8174.913590325795
6.559930742689229e+24,-558832475117.8484,689827954823.4773,41737185009.16498,-213265.18329246662,-171749.42529753558,-6932.832505515362
9.666013229086544e+24,264351196814.04977,-1183236591647.7114,61914182236.81973,228707.1959820663,50501.67117727442,-10641.681302855854
3.1368770025859607e+24,331318824898.69946,268953575502.1061,40987364486.91532,-248316.25430474197,306546.18769061007,-12563.49077722541
4.3002320170847146e+23,744125186942.6427,-41660444165.85137,21012895577.54061,17834.89013934024,296057.5141827252,-34719.954145059266
9.47356920300088e+24,97057881940.7735,360382679396.67126,-24068842625.862732,-408371.15720446414,108490.2795722213,3655.4516586180407
6.741124931128636e+24,-294526737366.09375,-340957017826.36285,71646977648.8658,293925.6080017881,-242372.58989343618,21163.979772052695
3.988239871963863e+24,-777990100877.2797,-918792478428.7411,18976173629.450718,179631.95085712612,-152170.7164640041,-2208.2666014949623
6.353103821213418e+23,240695225808.27863,-205531499396.146,-19420456287.104496,293855.1271166573,347670.842588066,-86787.62904213012
9.167389308014476e+24,269689548694.88733,463466067709.9283,-43578194625.98379,-303699.1468930197,178325.49728656118,1582.5901077502626
4.855048989277463e+23,148299586144.5085,-584737681898.9132,40320489990.805664,322152.1372764534,79459.80934118463,-9129.20880059447
3.050955108681419e+24,795256556268.2433,851723225900.5017,50146159404.89019,-174643.10179000627,163491.97593951217,843.853719642178
9.059603147394829e+24,-524537155978.2078,-23618801975.133034,6741567160.249677,16026.556317474087,-356154.5896334648,577.2362886529917
7.781852907074226e+24,237802361790.53024,-325633029562.2023,2300646244.7186155,328321.89847630024,239893.7752593719,9932.362121102577
4.734756907622203e+24,291633033523.74036,208285152052.64548,22058643872.82832,-252182.67280031584,348729.0205271473,16447.53346698636
9.045076987717405e+24,-6974751923.509321,241567827557.6936,-17506365883.452164,-524696.1262206387,-14724.317068602793,-11954.799138192855
1.5211604183403925e+24,943414692573.5062,-82745557366.48354,-19382856856.393948,23089.189342151734,264298.68606873835,-16565.314967517104
6.499325896972461e+24,131272927884.57556,-327672476761.61993,-26045959062.385296,397000.6542198196,164760.7357170646,-53026.134766856296
7.073011009982368e+24,-251850560066.59036,-28364763908.18837,-8883508441.974878,58130.654694635334,-508962.50248543173,-33111.99410784973
4.7998392636511536e+24,1185267733947.0432,-86800758727.03801,30536582553.400425,17290.773812593743,236292.6022096349,16176.929209865217
8.393667707359182e+24,993517361377.6163,342409003118.19836,-95006452537.46233,-80680.94954884717,238440.82340065067,-6968.135600495984
2.661141984820535e+24,255027707540.137,-55353700133.77417,7805759019.64521,108411.4066584723,489143.1791269863,-63183.64402293274
4.709586597250313e+24,324954211581.6014,-28401471940.418377,-30282771096.184246,35686.37933703942,448609.3027911331,-32063.737555458276
3.8926961283882293e+24,174401806494.48547,-207117126412.12695,20400397669.264946,380704.861305735,316705.7004396381,-14347.189223652314
3.871404278827974e+23,-197229375739.45413,344482301657.02423,-19661328680.100792,-355592.62488643406,-203748.16256480807,8980.714569096022
1.2134784508855047e+24,415848693808.8021,273698594090.51575,-47916625364.77668,-202811.88359212317,302898.6915393513,-19001.162750652773
